Word,Frequency,Polarity
really,16,positive
see,120,positive
very,36,negative
fortunate,1,positive
to,1881,positive
live,39,positive
in,1739,positive
damn,2,negative
still,76,negative
much,56,positive
wrong,8,negative
the,1974,positive
unhealthy,1,negative
deserve,4,positive
life,19,positive
liberty,2,positive
shelter,1,positive
education,2313,positive
free,503,positive
leave,16,positive
out,209,negative
oil,63,positive
gas,8,positive
group,13,positive
for,1162,positive
hard,24,negative
get,318,positive
elected,4,positive
dismantle,4,negative
healthcare,204,negative
have,505,positive
serve,46,positive
school,171,positive
struggle,84,negative
greater,46,positive
worry,189,negative
gap,204,negative
widen,38,positive
disadvantaged,206,positive
are,746,positive
stuck,191,negative
home,350,positive
better,62,positive
phrase,10,positive
remote,21,positive
crisis,33,negative
continuing,14,positive
right,84,positive
full,22,positive
swing,10,positive
every,44,negative
family,32,positive
child,23,positive
news,133,positive
shortsighted,67,negative
move,76,positive
need,181,positive
succeed,63,positive
cut,222,negative
back,288,positive
time,179,positive
speech,96,positive
say,183,positive
heartbroken,91,negative
surprise,93,positive
energy,49,negative
industry,14,positive
major,28,positive
economic,26,positive
engine,2,positive
supporting,6,positive
billion,84,positive
of,1914,positive
government,166,positive
vital,17,positive
rural,33,positive
forum,12,positive
chair,9,negative
pandemic,519,negative
exist,6,positive
different,26,positive
grow,167,positive
globe,26,negative
mail,24,positive
via,115,positive
up,80,positive
know,65,positive
internet,43,negative
definitely,3,positive
many,108,positive
super,4,positive
dislike,3,negative
rank,11,positive
least,11,negative
give,27,positive
idea,10,positive
well,46,positive
children,51,positive
taiwan,7,positive
uk,61,positive
classroom,363,positive
one,425,negative
biggest,325,positive
narrowing,319,positive
divide,328,positive
distance,330,negative
learning,533,positive
end,330,positive
setting,25,positive
pretty,11,positive
strike,4,negative
again,11,positive
top,145,positive
primarily,1,negative
undergraduate,1,positive
university,85,positive
mount,1,positive
okay,5,positive
think,180,positive
fine,2,positive
shift,5,positive
superior,5,positive
play,6,positive
game,4,negative
educated,22,positive
simply,9,negative
supremacy,1,positive
quality,20,positive
over,74,positive
legal,7,positive
cheaper,2,negative
foolery,1,positive
regular,2,positive
expense,1,positive
america,62,positive
just,355,positive
point,22,positive
two,16,negative
uncle,1,positive
mom,1,positive
maybe,304,negative
day,311,positive
socioeconomic,298,negative
please,77,positive
read,46,negative
ford,22,positive
plan,55,positive
higher,51,positive
destroy,7,negative
all,213,negative
institute,11,positive
public,90,positive
treachery,1,negative
betrayal,1,negative
trust,6,positive
deception,1,negative
proof,1,positive
faulty,1,negative
leading,8,positive
big,38,positive
organisation,6,positive
desperately,1,negative
taking,13,negative
year,27,negative
easy,5,positive
license,1,positive
training,54,positive
motor,1,positive
vehicle,1,negative
road,5,negative
helpful,2,positive
amazingly,9,positive
amazing,21,positive
zero,4,negative
experience,34,positive
increasing,22,positive
respond,16,positive
truth,29,positive
reconciliation,25,positive
action,17,positive
wish,29,positive
piece,36,positive
advice,22,positive
indigenous,129,positive
space,18,positive
enough,12,positive
european,3,positive
union,5,positive
paying,15,positive
dictatorship,1,negative
stop,18,negative
entering,6,negative
financing,1,positive
navy,1,positive
stigma,7,negative
immigrant,20,negative
genius,1,positive
international,63,positive
birth,2,positive
desire,23,positive
pursue,130,positive
further,32,positive
australia,40,positive
new,220,positive
europe,17,positive
online,284,positive
reach,16,positive
great,42,positive
support,83,positive
work,110,negative
put,65,positive
together,13,positive
pickup,1,negative
those,164,positive
possible,10,positive
state,10,positive
emergency,12,negative
ready,5,positive
announcement,2,positive
tomorrow,12,positive
literacy,19,positive
help,233,positive
language,58,positive
communication,43,positive
off,273,negative
dependent,2,negative
main,4,positive
way,157,positive
political,5,positive
extent,2,positive
without,28,negative
effective,5,positive
social,47,positive
mobility,2,positive
bad,9,negative
joke,5,positive
certainly,1,negative
curious,3,positive
health,194,positive
physical,23,positive
insight,2,negative
pity,1,negative
universal,150,positive
system,92,positive
people,297,positive
science,25,positive
matter,3,positive
function,1,positive
world,108,positive
occasional,1,positive
viral,1,positive
outbreak,6,negative
strong,12,positive
heritage,2,positive
only,220,negative
country,104,positive
bus,1,positive
paid,17,positive
death,17,negative
sentence,11,positive
mindless,11,negative
step,15,positive
huge,28,positive
tax,20,negative
funding,35,positive
carbon,12,positive
appetizer,11,positive
learn,241,positive
excel,110,positive
career,120,positive
review,120,positive
resume,112,positive
interview,111,positive
preparation,112,positive
tech,123,positive
demand,114,positive
faculty,38,positive
reporting,27,negative
contact,69,positive
tracing,28,positive
come,51,positive
month,35,negative
ago,193,positive
do,310,positive
chief,3,positive
federal,32,positive
minister,34,positive
graphic,3,positive
designer,2,positive
deputy,1,positive
stated,5,positive
budget,42,positive
fight,7,negative
against,50,negative
somehow,6,positive
week,45,negative
announced,5,positive
medical,39,positive
surplus,4,negative
special,18,positive
kind,8,positive
stupid,12,negative
reflection,3,positive
deflection,1,negative
understand,115,positive
bar,1,positive
graph,1,positive
reflecting,1,negative
pay,64,positive
thought,10,positive
provide,34,positive
welcome,9,positive
check,92,positive
humdinger,1,positive
relief,15,positive
package,2,positive
entrepreneur,2,positive
away,40,negative
jurisdiction,5,positive
nothing,39,negative
best,47,positive
missed,8,negative
thread,3,negative
guide,20,positive
student,48,positive
nice,11,positive
actually,15,negative
cute,2,positive
clown,3,positive
show,7,positive
cattle,2,positive
curriculum,17,positive
feel,22,positive
religion,8,positive
christianity,2,positive
invite,5,positive
islam,1,positive
graduate,33,positive
aware,3,positive
recognize,10,positive
fact,24,positive
risk,9,negative
mob,1,negative
mentality,1,positive
perpetuate,1,negative
problem,6,negative
means,46,negative
shit,4,negative
metric,1,positive
compare,3,positive
measurement,1,positive
index,1,positive
example,14,positive
expectancy,1,positive
following,4,negative
lot,41,positive
admire,1,positive
person,8,positive
follow,53,positive
lethal,1,negative
knowingly,1,positive
killed,1,negative
first,63,positive
believe,17,positive
fictional,1,positive
conspiracy,1,negative
suppose,2,negative
spreading,1,positive
huh,1,negative
bill,3,positive
educate,1,positive
abundant,1,positive
shock,1,negative
bridge,3,positive
couple,157,positive
course,243,negative
forced,152,negative
war,10,negative
burnt,1,negative
down,26,negative
white,7,negative
house,12,positive
assumption,8,positive
going,44,negative
disciplined,8,positive
frankly,9,positive
ridiculous,8,negative
teacher,34,positive
uneven,1,negative
lead,8,positive
run,9,negative
buy,17,positive
sell,16,positive
long,9,positive
money,72,positive
exception,3,positive
alone,1,negative
lacking,7,negative
intelligence,3,positive
moral,8,negative
grace,1,positive
sad,3,negative
leering,1,positive
storied,1,positive
land,7,positive
depart,1,positive
evidence,4,positive
far,25,negative
upheld,1,positive
fall,5,negative
oddly,1,negative
global,64,positive
thank,30,positive
initial,2,positive
go,43,positive
phd,33,positive
typical,1,positive
progression,1,positive
hope,7,positive
research,15,positive
parliament,2,positive
hold,3,positive
account,9,positive
question,10,positive
answer,13,positive
private,17,positive
earn,13,positive
finance,2,positive
campus,4,positive
hey,73,positive
story,33,positive
featuring,6,positive
neighbor,4,positive
high,31,positive
speed,4,positive
access,183,positive
fixed,4,negative
vaccine,1,negative
temporary,1,positive
placement,1,positive
confirmation,1,positive
available,51,positive
resettlement,12,positive
tertiary,13,positive
changed,13,negative
woah,1,positive
foolishly,1,negative
thinking,10,positive
standard,6,positive
good,54,positive
ya,1,positive
face,7,positive
distinct,1,positive
ray,1,positive
orb,1,positive
lake,12,positive
encounter,12,positive
chapter,11,positive
youtube,14,positive
author,15,positive
esl,12,positive
liberal,5,positive
democracy,3,positive
equality,11,positive
progress,13,positive
stifle,1,negative
equal,4,positive
province,61,positive
fast,2,positive
ah,1,negative
charge,7,positive
loved,1,positive
trained,6,positive
disappointing,1,negative
brace,1,positive
impact,19,positive
interior,2,positive
mostly,4,negative
industrial,2,positive
intervene,1,negative
expert,7,positive
art,10,positive
decoration,2,positive
program,25,positive
certificate,4,positive
diploma,7,positive
study,52,positive
grand,2,positive
erie,1,negative
board,86,positive
weekly,4,positive
numeracy,1,positive
grade,13,positive
recently,23,negative
inequity,28,positive
increased,25,positive
pressure,28,negative
magnify,23,positive
classes,7,positive
shame,3,negative
shameful,1,negative
history,64,positive
north,11,positive
deep,28,positive
yeah,34,positive
often,34,positive
disinterested,28,positive
share,79,positive
fund,44,positive
link,50,positive
leader,25,positive
act,7,positive
next,25,negative
clearly,5,positive
set,12,positive
future,27,negative
invest,7,positive
care,93,positive
manufacturing,6,positive
spend,18,positive
simple,4,positive
arithmetic,1,positive
scrutinize,1,negative
analyze,1,positive
endlessly,1,positive
highly,8,positive
scale,1,negative
civil,2,negative
freedom,3,positive
living,15,positive
behind,14,negative
equity,22,positive
become,19,positive
serious,15,negative
discussion,12,positive
debate,3,positive
analysis,4,positive
policy,8,positive
trade,4,positive
heavily,3,negative
senior,2,positive
current,18,positive
job,34,positive
personal,6,positive
worker,3,positive
initiative,1,positive
applicant,2,positive
look,26,positive
specific,2,positive
use,42,positive
front,11,negative
manager,5,negative
london,2,positive
highest,5,positive
opportunity,28,positive
happiness,3,positive
try,7,positive
sadly,1,negative
vote,6,positive
own,38,positive
around,15,positive
dumb,2,negative
conservative,7,positive
entrance,1,positive
hopefully,6,positive
wow,5,positive
part,34,positive
business,23,positive
town,3,positive
agriculture,4,positive
post,22,positive
secondary,16,negative
comparing,1,negative
socialism,16,positive
china,46,negative
marxism,2,positive
democratic,3,positive
few,22,negative
able,10,positive
newest,4,positive
featured,3,positive
resource,27,positive
bilingual,4,negative
relocation,3,positive
incorporate,4,positive
broader,3,positive
lesson,3,positive
encouraging,1,positive
positive,2,positive
broadly,2,negative
popular,1,positive
oz,1,positive
maternity,2,positive
media,13,positive
gun,13,negative
affordable,4,positive
reducing,1,positive
privatization,3,negative
broken,1,negative
profit,3,positive
less,14,negative
protection,20,positive
ask,5,positive
trump,16,positive
pollution,2,negative
cancer,4,negative
yes,42,positive
love,14,positive
sick,6,negative
afford,9,positive
make,44,positive
fewer,5,positive
magical,1,positive
narcissistic,1,negative
foreign,20,negative
completed,2,positive
direct,2,positive
ability,5,positive
apply,21,positive
permanent,1,negative
consider,38,positive
coming,144,positive
excellent,15,positive
importance,5,positive
seriously,8,negative
looking,26,positive
take,21,positive
probability,1,positive
calamity,1,negative
quote,1,positive
son,6,positive
wanted,11,positive
continue,17,positive
expertise,8,positive
including,53,positive
overseas,6,positive
keeping,11,positive
immigration,14,positive
open,8,positive
call,33,positive
everything,12,positive
quarantine,2,negative
caring,1,positive
outperform,3,positive
inside,5,positive
heel,2,negative
performance,3,positive
excellence,6,positive
overall,12,negative
rich,59,positive
travel,8,positive
real,18,positive
nature,7,positive
medicine,26,positive
meditation,6,positive
ensure,13,positive
truly,63,positive
bird,1,negative
conservation,11,positive
engagement,1,positive
officer,1,positive
employment,3,positive
successful,4,positive
candidate,2,positive
community,15,positive
develop,9,positive
pass,4,positive
examination,1,negative
application,5,positive
approved,2,positive
migrate,1,positive
visa,18,positive
clean,2,positive
prove,1,positive
burden,1,negative
meaning,2,positive
welfare,17,positive
human,15,positive
limited,5,positive
sex,18,positive
sodomy,2,negative
drug,4,negative
distract,2,negative
basic,143,positive
sister,2,positive
admission,4,positive
visit,14,positive
wake,30,positive
environment,34,positive
close,23,positive
thanks,27,positive
certainty,1,positive
pertinent,1,positive
start,17,positive
culture,13,positive
fear,2,negative
certain,3,positive
hunger,1,negative
addiction,5,negative
suicide,1,negative
ecological,1,positive
collapse,1,negative
hate,6,negative
poor,10,negative
egalitarian,1,positive
society,8,positive
uh,1,negative
parental,2,positive
decent,5,positive
minimum,3,negative
wage,8,positive
proud,11,positive
win,1,positive
mental,12,positive
illness,1,negative
lifetime,3,positive
income,137,positive
treated,1,negative
youth,7,positive
general,10,positive
assembly,1,positive
representation,1,positive
peace,5,positive
sustainable,3,positive
development,7,positive
role,8,negative
conference,3,positive
upon,2,positive
widely,2,positive
latest,17,positive
safety,18,positive
bulletin,11,positive
discharge,11,negative
pushing,2,positive
attack,18,negative
battle,113,negative
prof,2,positive
outside,7,negative
cuz,1,negative
bring,39,positive
protect,5,positive
exactly,4,positive
loan,54,positive
grant,21,positive
save,7,positive
smaller,1,negative
subsidy,1,positive
hit,5,negative
jackpot,4,positive
food,26,positive
penance,4,negative
born,7,positive
sure,18,positive
sign,15,positive
admin,7,positive
basically,10,positive
excuse,1,negative
lazy,1,negative
failing,7,negative
giving,12,positive
guidance,5,positive
send,17,positive
wonder,6,positive
service,10,positive
left,9,positive
vulnerable,16,negative
mean,9,positive
accessible,3,positive
tier,3,negative
everyone,16,positive
wealth,5,positive
buddy,1,positive
beautiful,6,positive
island,3,positive
arm,2,negative
spanish,13,positive
park,1,positive
airplane,8,positive
fuel,8,positive
hitler,14,negative
ruin,8,negative
fascism,8,negative
cnn,1,positive
singularly,1,negative
expensive,3,negative
degree,16,negative
cost,9,positive
reasonably,1,positive
qualify,4,positive
wealthy,1,positive
necessary,3,positive
rebuild,7,positive
through,62,positive
contract,8,positive
economy,17,positive
slavery,16,negative
scare,16,negative
paranoia,16,negative
corrupt,19,negative
encouraged,1,positive
greed,2,negative
exploitation,1,negative
socialist,10,positive
consecutive,3,negative
hours,6,positive
polling,3,negative
advanced,5,positive
valuable,2,positive
extremely,2,positive
stable,1,positive
luck,1,positive
lucky,2,positive
younger,5,positive
early,7,positive
intervention,18,negative
critical,22,negative
unfortunate,2,negative
decision,8,positive
result,6,positive
low,11,negative
crime,16,negative
recreation,14,positive
leisure,1,positive
require,4,positive
additional,2,positive
missing,5,negative
loss,4,negative
structure,7,positive
bitch,1,negative
sense,17,positive
little,15,negative
boy,4,positive
daddy,2,positive
middle,36,positive
class,12,negative
choice,6,positive
attend,9,positive
college,20,negative
seriousness,1,negative
decentralized,1,positive
talking,13,negative
success,1,positive
creative,6,positive
essential,9,positive
potential,5,positive
district,8,positive
journey,7,positive
age,15,positive
article,18,positive
incompetence,2,negative
concern,5,negative
between,13,positive
racist,11,negative
rhetoric,1,positive
representative,3,positive
diversity,18,positive
acceptance,1,positive
seek,1,positive
bigotry,1,negative
exciting,3,positive
stay,12,positive
monday,3,negative
april,26,positive
oversight,1,negative
accountability,1,positive
sorely,1,negative
everywhere,6,positive
keep,24,positive
refuse,1,negative
endorse,1,positive
promote,30,positive
acknowledge,2,positive
innovative,5,positive
investment,5,positive
moving,57,positive
nursing,16,negative
congress,5,positive
registration,3,positive
laptop,6,positive
monthly,3,positive
learned,14,positive
difference,16,negative
stem,9,positive
despite,5,negative
half,2,negative
workforce,21,positive
leadership,12,positive
pathology,1,negative
longer,3,positive
citizen,4,positive
dedication,2,positive
rally,1,positive
nation,8,positive
wwii,1,negative
above,1,positive
orthodox,1,positive
church,3,positive
sunday,1,positive
police,15,positive
crackdown,1,negative
awareness,8,positive
adopt,1,positive
strident,1,negative
enforcement,15,negative
mortgage,4,positive
appointment,7,positive
agent,7,positive
brand,6,positive
engage,3,positive
priority,6,positive
remains,7,negative
wellbeing,11,positive
hand,8,positive
foundation,7,positive
primary,10,positive
technology,14,positive
engineering,16,positive
math,6,positive
wing,3,positive
republican,2,positive
party,10,positive
hell,11,negative
worst,5,negative
shill,11,positive
dear,2,positive
whatever,2,negative
brain,3,positive
drain,1,negative
wife,4,positive
small,12,negative
village,10,positive
doctor,12,negative
migration,2,positive
corona,7,positive
sponsor,3,positive
poverty,5,negative
assistance,6,positive
key,5,positive
ensue,1,negative
else,10,positive
surprised,2,positive
dismal,1,negative
telling,2,negative
walk,1,negative
introduce,2,positive
firm,2,positive
handshake,1,positive
director,23,positive
aspect,2,positive
unlimited,2,positive
unite,2,positive
mutual,2,positive
edu,2,positive
ironic,3,negative
mocking,3,negative
tell,15,positive
drop,23,positive
empty,3,negative
statement,5,positive
poorly,4,negative
man,5,negative
fire,1,negative
cell,16,positive
phone,20,positive
data,23,positive
mobile,17,positive
build,58,positive
amid,44,negative
fresh,4,positive
green,4,positive
workable,1,positive
voting,1,positive
type,3,positive
flat,1,negative
curve,4,positive
doc,1,positive
phase,4,positive
response,28,positive
include,4,positive
focus,13,positive
transportation,2,positive
childcare,1,positive
opening,1,negative
easier,3,positive
maintain,1,positive
location,1,positive
dogma,2,positive
respected,1,positive
dictate,1,negative
compact,31,positive
local,35,positive
boycott,31,negative
walmart,31,negative
dollar,32,positive
settle,31,positive
speak,8,positive
goodness,1,positive
find,16,negative
relocate,3,positive
friend,6,positive
democratically,1,negative
drive,3,positive
mayor,2,positive
bet,1,negative
complaining,1,negative
sincerely,2,negative
formal,1,positive
offer,7,positive
brilliant,4,positive
scientific,1,positive
independent,2,positive
lol,8,positive
reading,7,positive
inequitable,4,negative
common,13,positive
newly,14,positive
benefit,8,positive
military,113,positive
shitty,2,negative
suitable,1,positive
citizenship,2,positive
test,5,positive
download,3,negative
past,7,positive
present,2,positive
old,9,negative
studying,14,positive
deaf,3,negative
facemask,3,negative
design,15,positive
million,19,positive
impaired,7,negative
properly,3,positive
reason,7,positive
tuition,8,negative
mark,1,positive
premise,1,positive
sociology,1,positive
academic,8,negative
achievement,2,positive
concerned,5,negative
foe,1,negative
size,2,positive
already,9,positive
model,4,positive
guess,9,positive
relatively,1,positive
value,5,positive
farm,2,positive
disintegration,1,positive
continues,4,negative
vicious,1,negative
cycle,1,positive
babysit,4,positive
heck,4,negative
panic,5,negative
buying,4,negative
stock,5,positive
bunch,4,negative
toilet,4,positive
paper,5,negative
duh,4,positive
debt,6,negative
mirror,1,positive
city,4,positive
knowing,8,negative
disparity,3,positive
operate,2,positive
woman,1,positive
none,5,negative
official,3,positive
price,5,positive
safe,8,positive
determine,2,positive
receive,7,positive
reasonability,1,positive
enhance,20,positive
medium,7,positive
blog,15,positive
essay,7,negative
politics,10,positive
capitalism,11,positive
labor,7,positive
dementia,2,negative
national,18,positive
continuous,2,negative
roughly,4,negative
train,4,positive
locally,4,positive
boon,4,positive
spending,8,positive
ok,15,positive
connection,3,positive
invitation,1,positive
strategic,2,positive
recruitment,3,positive
probably,4,negative
keen,2,negative
massive,16,positive
lawmaker,1,positive
winning,4,negative
mandate,1,positive
election,3,positive
victory,112,positive
region,3,positive
produce,10,positive
accidental,3,negative
beauty,4,positive
chance,10,positive
absolutely,3,positive
video,120,positive
clapping,1,positive
fail,2,negative
holding,2,positive
hear,12,positive
gift,1,positive
lifestyle,1,positive
quick,3,positive
meet,5,positive
solve,1,positive
process,5,positive
institution,1,positive
miss,6,negative
obtain,1,positive
bid,1,positive
homework,2,negative
headlines,1,positive
apple,1,positive
capital,6,positive
hub,5,positive
rest,7,positive
abroad,17,positive
book,14,negative
session,2,positive
page,10,positive
upcoming,2,positive
alot,1,negative
soon,3,positive
carefree,1,positive
richer,2,positive
dream,6,positive
vanishing,1,negative
actual,3,positive
threat,1,negative
surprisingly,1,positive
quickly,1,positive
information,25,positive
reliable,4,positive
lower,4,negative
multicultural,1,positive
enjoy,4,positive
fullest,1,negative
spectacular,1,positive
lack,32,negative
per,6,positive
pupil,1,negative
population,4,positive
collaborate,1,positive
email,4,positive
avail,1,positive
english,24,positive
accepted,1,positive
form,14,positive
pleased,2,positive
council,15,positive
allow,1,positive
practicum,1,positive
differently,2,positive
certification,6,positive
basketball,2,positive
commit,2,positive
revenue,4,positive
agency,7,positive
tight,2,negative
ship,2,positive
internal,2,positive
robust,2,positive
entity,2,positive
funds,5,positive
power,5,positive
infrastructure,11,positive
constant,3,positive
rock,2,positive
amidst,12,negative
speaking,6,positive
fuck,2,negative
reverse,2,positive
seeing,7,negative
important,14,positive
anecdotal,1,negative
export,2,positive
banking,1,positive
sector,22,positive
congratulations,11,positive
snow,2,positive
prestigious,3,positive
arctic,2,negative
position,11,positive
within,4,positive
largest,1,positive
imagine,4,negative
defense,16,negative
worse,2,negative
affect,4,positive
restaurant,4,positive
gender,5,positive
composition,4,positive
recovery,9,positive
nominate,1,positive
today,33,positive
academy,3,positive
dance,3,positive
educator,7,positive
red,3,positive
cause,3,positive
diversify,1,positive
natural,3,positive
create,4,positive
skilled,4,positive
hustle,2,negative
fitness,3,positive
near,2,positive
collect,10,positive
race,1,positive
premier,5,positive
doug,8,negative
info,60,negative
excited,9,negative
preferred,9,positive
journal,9,positive
view,1,positive
hybrid,1,positive
balance,3,positive
comprehension,1,positive
overdue,1,negative
award,3,positive
soccer,1,positive
team,27,positive
several,12,negative
level,16,positive
football,1,positive
judge,2,positive
others,13,positive
narrative,2,positive
knowledge,6,positive
using,16,negative
profile,1,positive
pic,2,positive
humiliate,1,negative
flag,1,positive
sorry,6,negative
happy,5,positive
foolish,1,negative
utopia,1,positive
fully,6,positive
embrace,3,positive
automation,4,positive
worthwhile,1,positive
return,3,positive
metal,1,positive
efficient,2,positive
consideration,5,positive
determining,5,positive
eligible,37,positive
contribute,9,positive
recent,10,positive
pause,3,positive
centre,4,positive
anniversary,109,positive
ridge,111,positive
celebrated,110,positive
series,111,positive
historian,110,positive
depleted,1,positive
law,5,positive
entirely,3,negative
circumstance,1,positive
difficult,3,negative
genuinely,3,positive
same,36,positive
cheap,3,positive
security,11,positive
butt,1,negative
meddling,1,negative
solid,5,positive
correct,2,positive
glory,1,positive
reserves,1,negative
warmth,1,positive
merry,1,positive
crazy,1,negative
oh,6,positive
shell,1,positive
boost,2,positive
strongly,4,positive
disagree,2,negative
tyranny,1,negative
received,1,positive
west,4,negative
oppose,1,negative
arrogance,1,negative
deeply,2,positive
racism,2,negative
hahaha,2,negative
keyboard,2,positive
wire,1,positive
transfer,1,positive
ministry,11,positive
delivery,4,positive
childhood,5,positive
easter,9,positive
staff,69,positive
failure,3,negative
supreme,3,positive
court,3,positive
unscientific,1,negative
treatment,3,negative
mitigate,1,positive
approve,2,positive
clinical,5,positive
efficacy,1,positive
emotional,7,positive
researcher,20,positive
parenting,7,positive
brutal,54,negative
midst,53,negative
lay,53,positive
promising,53,positive
contemptible,53,negative
quietly,1,positive
reprehensible,1,negative
company,7,positive
empathy,2,positive
disappointed,1,negative
unceremonious,1,negative
bubble,1,negative
commons,1,negative
bizarre,1,positive
approval,2,positive
rating,4,positive
begging,1,negative
luxury,1,positive
minivan,1,negative
due,45,positive
everybody,3,positive
fair,7,positive
shot,2,positive
lose,1,negative
remind,1,positive
entire,6,positive
flee,1,positive
enduring,1,positive
smart,16,positive
annual,1,positive
worth,31,positive
goods,4,positive
universally,1,positive
testing,3,positive
earth,1,positive
devoted,1,positive
intriguing,1,positive
estimated,1,positive
significant,9,positive
adjusted,1,negative
postgraduate,1,positive
count,2,positive
toward,1,positive
raise,3,positive
appeal,3,positive
literally,6,positive
join,7,positive
awesome,7,positive
customer,2,positive
marketing,2,positive
product,2,positive
dog,1,positive
soul,1,positive
light,3,positive
zen,1,positive
buddhism,1,positive
psychiatry,1,negative
psychology,23,positive
place,22,positive
manufacture,1,positive
approach,1,positive
focusing,1,positive
sophisticated,1,positive
scramble,4,negative
flatten,3,negative
inferior,1,negative
hunting,15,negative
competition,14,positive
firearm,13,negative
permission,13,positive
corner,1,negative
head,5,negative
authority,1,positive
five,4,negative
surveillance,1,positive
bankrupt,1,negative
genocidal,8,negative
constitutional,8,positive
secondly,8,positive
talk,22,negative
campaign,10,negative
reasonable,2,negative
fulfill,1,positive
normal,10,positive
modern,4,positive
justice,2,positive
channel,1,positive
dissent,1,negative
connect,21,positive
register,15,positive
requirement,5,positive
agree,8,positive
freely,1,positive
climate,15,positive
change,21,positive
ass,2,negative
extra,2,positive
peak,1,positive
vagina,1,positive
bursary,27,positive
pursuing,30,positive
message,28,positive
deadline,27,positive
midnight,27,negative
yup,2,negative
adjust,2,positive
calm,1,positive
shifting,1,negative
professional,12,positive
guarantee,6,positive
survey,4,positive
precarious,1,negative
hurt,1,negative
luckily,1,positive
somewhat,1,positive
photo,1,positive
cast,1,positive
weve,16,positive
instinct,1,negative
building,6,positive
healthy,7,positive
nutrition,4,positive
oral,3,positive
seminar,11,positive
happier,1,positive
golden,3,positive
virtue,1,positive
carry,1,positive
max,3,positive
credential,2,positive
comparison,4,positive
table,2,positive
thoughtful,2,positive
bag,2,positive
encouragement,2,positive
prepare,2,positive
detailed,1,positive
permanently,1,negative
gay,2,positive
haircut,1,negative
broke,7,negative
driving,22,negative
recognized,21,positive
directly,3,positive
lost,130,negative
forget,6,negative
express,2,positive
interest,5,positive
glad,4,positive
advantage,4,positive
kindergarten,2,positive
similar,20,positive
large,3,positive
easily,1,positive
ideology,1,positive
associate,3,positive
professor,6,positive
transformation,2,positive
stronger,6,positive
doubt,5,negative
fanatical,2,negative
kill,4,negative
according,4,positive
majestic,1,positive
currently,38,positive
remuneration,1,negative
remain,19,negative
search,5,positive
consultant,7,positive
sky,4,positive
assured,5,negative
surely,6,negative
realise,1,positive
lift,1,positive
finger,1,positive
spectrum,1,positive
wanting,2,negative
viewpoint,2,positive
lasting,1,negative
young,12,positive
ideological,1,negative
project,5,positive
add,13,positive
collection,15,positive
coast,1,positive
digital,9,negative
flu,12,negative
address,2,positive
muslim,1,positive
expo,1,negative
celebrate,2,positive
market,10,positive
increase,7,positive
regional,9,positive
summer,9,positive
shut,1,negative
realize,3,positive
utterly,3,negative
claim,5,positive
practically,1,positive
black,4,negative
shitting,1,negative
tool,5,positive
willing,3,positive
sit,9,positive
developer,2,positive
turn,9,positive
last,28,positive
acquire,1,positive
comfort,3,positive
prosperity,1,positive
suspect,3,negative
chart,9,positive
hardest,9,positive
mortar,8,negative
aside,8,negative
groceries,8,positive
decimation,1,negative
uninformed,1,negative
merely,10,positive
lockstep,10,positive
fashion,10,positive
character,11,negative
financial,14,positive
challenge,8,positive
central,20,positive
educational,8,positive
percent,2,positive
instruction,4,positive
vague,1,negative
clear,7,positive
concise,1,positive
direction,2,positive
humanity,1,positive
diversification,1,positive
environmental,6,positive
mind,66,positive
totally,4,positive
ahead,5,positive
economics,4,positive
hilarious,1,positive
teach,16,positive
ill,7,negative
happily,1,positive
amount,3,positive
provincial,17,positive
tenant,1,positive
horrid,5,negative
behavior,7,positive
governing,6,negative
body,5,positive
likely,2,positive
remainder,1,positive
chocolate,6,positive
pink,6,positive
courtesy,10,positive
holy,6,positive
prayer,6,positive
hill,1,positive
fifth,2,positive
elementary,4,positive
older,1,positive
suffer,2,negative
fate,1,positive
complaint,1,negative
sweetie,2,positive
useless,3,negative
troll,1,negative
final,5,positive
wall,6,positive
homeland,1,positive
grab,2,positive
panel,5,positive
resident,5,positive
involved,17,negative
generation,3,positive
infectious,1,negative
beyond,8,positive
air,20,positive
interesting,6,positive
jump,1,positive
mess,2,negative
influx,6,positive
prediction,1,positive
number,11,negative
elite,1,positive
instructor,6,negative
side,5,positive
demanding,1,negative
academia,1,positive
approximately,1,negative
fulltime,5,positive
fortified,1,negative
wwi,1,negative
daily,6,positive
beginning,3,positive
three,4,negative
ad,1,negative
hum,1,positive
map,6,positive
alternate,1,positive
thankfully,1,positive
second,2,positive
adequate,1,positive
sickness,1,negative
accident,1,negative
unemployment,12,negative
revive,1,positive
forgivable,2,positive
insulin,1,positive
justly,1,positive
homeless,2,negative
influential,1,positive
valued,2,positive
source,2,positive
scholarship,5,positive
incorrect,1,negative
interpretation,1,negative
liquor,1,positive
socialistic,1,negative
water,6,negative
electricity,1,positive
individual,1,positive
appear,2,positive
witness,1,positive
testimony,1,positive
plenty,4,positive
member,4,positive
wide,47,positive
frontline,1,negative
edition,4,positive
office,4,positive
architect,1,positive
pump,1,negative
productive,3,positive
hour,1,positive
guideline,1,positive
kindergarden,1,positive
personally,2,positive
notice,1,positive
turmoil,1,negative
proficiency,1,positive
pumping,1,negative
rude,1,negative
burned,1,negative
weaken,2,positive
prosperous,2,positive
diverse,5,positive
peaceful,2,positive
revert,2,negative
destructive,2,negative
launch,3,negative
underway,2,positive
pack,1,positive
native,2,positive
slugger,1,negative
platform,4,positive
jewish,1,positive
gathering,1,positive
hall,1,positive
antisemitism,1,negative
meeting,4,positive
winter,1,positive
carnival,1,positive
event,3,positive
unfairness,5,positive
wifi,7,negative
manage,4,positive
potentially,2,positive
introduction,1,positive
suggest,5,positive
percentage,2,positive
favorable,1,positive
control,5,positive
subtle,2,positive
indoctrination,6,negative
sheep,3,positive
rush,3,negative
madly,2,negative
cliff,2,positive
doomed,2,negative
remember,11,positive
pioneer,9,positive
rent,9,negative
hardly,1,negative
morning,4,positive
pleasure,1,positive
phenomenal,1,positive
extraordinary,1,positive
grateful,5,positive
passionate,1,positive
civic,1,positive
original,1,positive
led,3,negative
clause,2,positive
legislation,2,positive
appealing,1,positive
unanimous,1,positive
virus,4,negative
censorship,1,negative
obviously,4,positive
clue,1,positive
bottom,1,positive
barrel,1,positive
heartbeat,1,positive
note,1,positive
chat,2,negative
prescription,2,negative
door,10,positive
epidemic,1,negative
fun,4,positive
harder,1,negative
column,3,positive
newsletter,1,positive
musical,1,positive
line,10,positive
rate,14,positive
scenery,1,positive
perfect,8,positive
practice,3,positive
exchange,1,positive
brunt,1,negative
conjunction,1,positive
vision,1,positive
maintenance,1,positive
purpose,1,positive
understanding,3,positive
management,2,positive
exemption,1,positive
secretary,1,positive
energizing,1,positive
auto,3,negative
replace,4,positive
escape,2,negative
isolation,6,negative
rig,2,negative
dinner,2,positive
weekend,2,positive
guise,2,negative
religious,2,positive
observance,2,positive
revamp,2,positive
crap,3,negative
pants,1,positive
seething,1,negative
rise,1,positive
quantum,1,positive
leap,2,positive
faith,1,positive
chore,1,positive
connected,4,negative
repeated,2,positive
parent,14,positive
cashier,2,positive
force,3,negative
quit,7,positive
listen,7,positive
notes,15,negative
fumbling,1,negative
wait,6,negative
secretive,1,negative
nasty,1,negative
component,41,positive
renowned,2,positive
outstanding,1,positive
topnotch,2,positive
sound,4,positive
diet,1,negative
incapacity,1,negative
corporate,1,positive
uneducated,2,negative
essentially,1,positive
paramount,1,positive
cooperation,1,positive
manufacturer,5,positive
equipment,11,positive
weakness,4,negative
traditional,2,negative
lessen,1,negative
moody,1,negative
production,1,positive
falling,1,negative
western,4,positive
alpha,5,positive
complete,3,positive
nope,2,negative
re,5,positive
nonessential,1,negative
indeed,1,positive
discretionary,1,negative
teen,6,negative
update,5,negative
adult,2,positive
creation,3,positive
east,4,positive
block,2,positive
christian,2,positive
van,1,positive
executive,1,positive
succeeding,1,positive
cooper,1,negative
improvement,1,positive
borrow,1,positive
average,2,positive
fee,7,negative
bit,2,positive
extensive,1,positive
recommended,1,positive
flexible,8,positive
friendly,6,positive
click,6,positive
explore,1,positive
astronomy,1,positive
generous,2,positive
equip,2,positive
newcomer,2,negative
donate,4,positive
respect,8,positive
ideal,1,positive
internationally,13,positive
useful,21,positive
colonization,13,negative
healthier,1,positive
report,5,negative
belonging,2,positive
happiest,1,positive
exact,1,positive
aboriginal,2,positive
animals,1,positive
joy,1,positive
interact,1,positive
each,16,negative
poorest,7,negative
governance,9,positive
portfolio,7,positive
confidence,7,positive
track,3,positive
disruption,1,negative
keynote,1,positive
ecosystem,1,positive
core,3,negative
combat,1,negative
plague,1,negative
nonsense,1,negative
partnership,6,positive
bureau,1,positive
die,2,negative
cool,1,positive
employer,1,positive
association,6,positive
substantially,1,positive
capitalist,1,negative
idiot,3,negative
supporter,1,positive
mention,2,positive
soil,2,negative
except,3,negative
browse,4,negative
forensics,3,negative
shocking,5,negative
unqualified,1,negative
discuss,7,positive
journalism,1,positive
promise,1,positive
delicate,1,positive
website,3,negative
limit,4,negative
criteria,3,positive
cross,2,positive
communicate,2,positive
daughter,1,positive
closer,1,negative
decided,5,positive
boys,1,positive
tired,3,positive
arguing,1,positive
ticket,1,positive
third,1,positive
saw,3,positive
torah,1,positive
hurry,1,negative
separate,3,negative
equally,1,positive
whining,1,negative
fbi,1,positive
inquiry,1,positive
touch,1,positive
hardy,4,positive
discredited,4,negative
prevalent,4,positive
swim,1,positive
compromise,3,positive
vacation,1,positive
partner,6,positive
benchmark,1,positive
busy,12,negative
historic,2,positive
turkey,1,negative
flood,4,negative
disclosure,3,positive
finances,5,positive
expect,19,negative
enrol,4,positive
loud,3,negative
charm,1,positive
magazine,1,positive
saturday,1,positive
target,2,negative
penalty,1,negative
treason,1,positive
imprisonment,1,negative
barely,1,negative
squeak,1,negative
becoming,1,positive
medication,3,positive
continent,1,positive
bro,1,positive
weather,1,negative
interactive,6,positive
pony,1,positive
recommend,4,positive
condescending,1,negative
disrespectful,1,negative
episode,3,positive
floor,3,positive
responsible,5,positive
estate,1,positive
rising,1,positive
rain,1,negative
purchase,4,positive
powerful,2,positive
bragging,2,negative
infected,2,negative
host,2,positive
immersive,4,positive
producing,2,positive
let,6,positive
chinese,6,negative
watch,10,positive
dunk,1,negative
funny,5,positive
multiple,3,positive
suffering,1,negative
portal,41,positive
variety,41,positive
geography,41,positive
situation,10,positive
tyrant,1,negative
politician,1,positive
societal,1,positive
widespread,1,negative
acknowledgement,1,positive
vulnerability,1,positive
leaf,1,positive
leftie,1,negative
kingdom,4,positive
incidence,2,negative
infection,2,negative
completely,2,positive
night,3,negative
fundamentalist,1,negative
period,7,positive
intent,3,positive
explain,3,positive
comment,4,positive
foremost,1,positive
writer,3,positive
moron,1,negative
larger,1,positive
majority,2,positive
salary,1,positive
forensic,1,negative
collaborative,4,positive
relationship,8,positive
prison,1,negative
collaboration,2,positive
transition,5,positive
reduction,2,negative
feature,1,positive
showcasing,1,positive
groundbreaking,1,positive
iq,1,positive
immediate,1,negative
relative,1,positive
irrespective,1,positive
transport,1,positive
tremendous,2,positive
sexual,9,positive
trojan,5,negative
commodity,1,positive
diversified,1,negative
modify,1,negative
encourage,10,positive
innovation,11,positive
crappy,1,negative
guy,1,positive
rotten,2,negative
image,1,positive
astounding,1,positive
moribund,1,negative
underclass,1,negative
pick,2,positive
choose,6,positive
taxation,1,positive
nurse,4,positive
administrator,4,positive
department,7,positive
groundwork,4,negative
meantime,3,negative
redo,1,positive
qualified,1,negative
trying,20,negative
offering,16,positive
idealist,12,positive
commitment,4,positive
multidisciplinary,3,positive
experiential,3,positive
various,12,negative
ethical,2,positive
bankruptcy,1,negative
backing,1,positive
fundamentally,1,positive
room,1,positive
library,2,positive
card,4,positive
anxiety,4,negative
wear,2,negative
mask,5,positive
mock,2,negative
remove,1,negative
liar,1,negative
misleading,2,negative
arrogant,1,negative
ignorant,2,negative
slap,1,negative
desperate,1,negative
repeat,1,positive
developed,1,positive
wonderful,1,positive
practical,2,positive
organized,1,negative
technical,5,positive
amazon,4,negative
web,4,positive
rocket,1,negative
transmission,1,negative
mode,4,positive
criticize,1,negative
net,4,negative
rely,1,negative
everyday,1,positive
frequent,4,positive
deal,10,positive
spot,6,positive
attention,2,positive
abortion,1,negative
mankind,2,positive
promulgation,2,negative
substandard,2,negative
severe,1,negative
bullying,1,negative
crunchy,1,positive
granola,1,negative
hippie,1,negative
whole,2,positive
literature,5,positive
clearing,1,negative
cape,2,negative
mixed,1,negative
sports,2,negative
write,2,positive
particular,2,positive
self,1,positive
gesture,1,positive
rapper,1,positive
singer,1,positive
songwriter,1,positive
constitution,2,positive
numerous,1,negative
french,4,negative
stand,3,negative
successfully,2,positive
integrate,6,positive
workplace,2,positive
horror,11,negative
games,2,positive
gymnastics,1,positive
specifically,1,positive
warning,13,negative
fossil,13,positive
patent,2,positive
plastic,2,negative
harmonized,2,positive
producer,2,positive
responsibility,2,positive
waste,2,positive
testify,1,negative
worried,2,negative
word,15,positive
assess,3,positive
suitability,3,positive
informal,2,positive
equitable,3,positive
investigate,3,negative
mad,1,negative
accounting,1,positive
break,3,negative
intake,1,positive
aspiring,1,positive
await,2,negative
sir,2,positive
pain,1,negative
chevrolet,1,positive
tokyo,1,positive
tough,8,positive
score,4,positive
skill,11,positive
impose,2,negative
renewal,1,positive
proper,4,positive
killer,1,negative
happening,4,negative
slower,1,positive
weak,1,negative
gullible,1,negative
interested,4,positive
fake,3,negative
miracle,3,positive
undo,3,positive
damage,3,negative
father,11,positive
hail,3,positive
safest,1,positive
dynamic,2,positive
clone,1,positive
kickstart,1,positive
japan,3,positive
worldly,1,positive
unfaithful,1,negative
influence,2,positive
vatican,1,positive
rome,1,positive
comprehensive,3,positive
lowest,3,negative
fit,1,positive
thompson,1,negative
scenic,1,positive
growth,1,positive
login,1,positive
convenient,1,positive
grammar,2,positive
graduation,1,positive
presidential,1,positive
asia,1,positive
speaker,1,positive
overwhelm,3,positive
stressed,3,negative
fourth,1,positive
commission,1,positive
prudently,1,negative
wise,1,positive
purely,1,positive
square,2,positive
endeavor,1,positive
traumatic,1,negative
release,1,positive
detention,1,negative
disingenuous,1,negative
lately,1,negative
music,4,positive
fraction,1,positive
worthless,1,negative
dress,1,negative
broad,1,positive
specialize,1,positive
counseling,1,positive
throughout,3,positive
creativity,1,positive
transform,2,positive
ordinary,1,positive
incredible,8,positive
total,2,positive
lifelong,1,positive
withdraw,1,negative
retirement,2,positive
savings,4,positive
spouse,1,positive
split,1,positive
sole,1,positive
destroyed,3,negative
usual,2,positive
defer,1,negative
entry,1,positive
happen,11,positive
glimpse,1,positive
memorial,1,positive
navigate,1,positive
hurting,9,negative
strategist,1,positive
precious,1,positive
investigation,1,negative
historical,1,positive
significance,1,positive
slate,1,positive
hesitate,1,negative
represent,2,positive
existential,1,positive
experimentation,1,positive
disarm,1,negative
imply,1,positive
cursed,1,negative
dreadful,1,negative
order,3,positive
kick,2,negative
slash,2,negative
bleed,2,negative
dry,3,positive
evident,1,positive
suddenly,1,positive
palliative,2,negative
effort,2,positive
master,1,positive
dodge,1,positive
bullet,1,negative
recession,2,negative
dam,1,positive
rapid,1,positive
engaged,8,negative
overcome,1,positive
bike,1,positive
chunk,1,positive
indefensible,1,negative
dangerous,1,negative
bail,2,positive
supposedly,1,negative
motivator,1,positive
oxymoron,1,negative
requisite,2,negative
borrowing,2,negative
option,6,positive
short,5,negative
possess,1,positive
hint,1,positive
shadow,1,negative
cult,3,positive
undermining,7,negative
attract,1,positive
secure,3,positive
blood,1,negative
serum,1,negative
feces,1,negative
urine,1,negative
six,2,negative
brass,1,positive
fault,3,negative
reduce,2,negative
bachelor,7,negative
focused,9,positive
eligibility,1,positive
selection,1,positive
verified,2,positive
credit,2,positive
tract,2,negative
insurance,2,positive
broker,1,positive
poised,1,positive
paradigm,1,positive
reshape,1,positive
belief,1,positive
notch,1,positive
fierce,1,positive
hygiene,1,positive
single,1,positive
sweet,1,positive
painful,2,negative
unnecessary,1,negative
planet,1,positive
picture,2,positive
pipe,1,positive
heathcare,2,negative
volunteer,7,positive
thief,2,negative
upside,2,negative
bound,1,negative
coalition,1,positive
yesterday,1,negative
contemporary,1,positive
fiction,1,positive
acclaim,1,positive
writing,5,negative
forward,2,positive
active,9,positive
extend,1,positive
network,1,positive
compliance,1,positive
greatest,2,positive
glue,10,positive
deficient,10,negative
matt,2,positive
decade,1,negative
ignorance,2,negative
miserably,1,negative
possibility,1,positive
esp,1,positive
outcome,1,positive
improve,4,positive
capacity,4,negative
file,2,positive
workout,2,negative
ridicule,6,negative
reminder,3,positive
disgusted,1,negative
switch,1,positive
filter,2,positive
synthetic,1,negative
material,3,negative
marginal,1,negative
negligible,1,negative
gain,2,positive
moment,2,positive
cousin,1,positive
settled,2,negative
girl,3,positive
interaction,1,positive
delegation,1,positive
textbook,1,positive
publisher,1,positive
catholic,1,positive
honey,1,positive
cinnamon,1,positive
formerly,1,negative
dragon,1,negative
comparative,1,positive
granting,3,positive
outreach,3,positive
isolated,4,negative
ensures,2,positive
employ,1,positive
unique,1,positive
overhead,1,negative
hottie,1,negative
winner,1,positive
begin,1,positive
strain,1,negative
milk,1,positive
fragile,1,negative
dare,1,positive
complain,1,negative
doable,1,positive
handle,1,positive
owe,1,positive
ict,2,positive
scared,1,negative
circus,1,positive
trouble,2,negative
button,1,positive
sexuality,5,positive
sheet,13,positive
nile,1,positive
offensive,1,negative
destination,1,positive
jill,4,positive
importantly,3,positive
yank,1,positive
terrible,1,negative
cold,1,positive
figure,1,positive
deeper,7,negative
appreciation,9,positive
alcoholism,1,negative
generally,3,negative
treat,1,positive
fairly,1,positive
alcohol,1,positive
cameo,2,negative
appearance,2,positive
seven,2,negative
kitchen,2,positive
gastronomic,2,positive
seal,2,negative
subject,5,positive
advise,2,positive
ignore,4,negative
plain,3,positive
rice,2,positive
president,4,positive
relation,1,positive
cop,1,positive
defence,4,negative
inflation,2,positive
twilight,1,positive
zone,1,positive
gut,1,positive
ion,3,positive
coterie,4,negative
moronic,4,negative
rounded,4,positive
record,1,negative
spirit,4,positive
unemployed,3,negative
accused,2,negative
enforce,2,negative
jerzy,2,positive
poland,2,positive
painter,2,positive
drama,1,positive
soft,1,positive
perform,1,positive
maths,1,positive
resign,1,negative
incompetent,1,negative
creditable,1,positive
tested,4,positive
finish,4,positive
motherhood,4,positive
eliminate,1,negative
petition,1,positive
intelligent,1,positive
secretly,2,negative
economical,1,positive
forgiveness,1,positive
list,1,positive
archaeology,1,negative
doctoral,1,positive
biomedical,1,positive
cornerstone,1,positive
worldwide,2,positive
surly,1,negative
ceo,3,positive
corp,1,positive
quotation,1,positive
passport,1,positive
duty,1,positive
coperation,1,positive
dad,4,positive
atheist,4,positive
burn,1,negative
solo,1,positive
outnumber,1,negative
activity,1,positive
calendar,1,negative
problematic,1,negative
reap,1,positive
running,2,positive
meaningless,1,negative
league,1,positive
fired,2,negative
bee,1,positive
car,1,positive
coitus,1,positive
select,2,positive
eastern,1,positive
commerce,1,positive
glorified,1,positive
exercise,1,positive
agreed,1,positive
respective,1,positive
capability,1,positive
fantastic,1,positive
adaptive,1,positive
property,3,positive
depression,1,negative
sweating,1,negative
breath,1,positive
border,1,positive
sanity,1,positive
pray,1,positive
garden,1,positive
eat,1,positive
sum,3,positive
imposing,3,negative
accountable,2,positive
dimwit,1,negative
needy,1,negative
elderly,1,positive
transit,1,positive
acting,1,positive
universe,1,positive
impossible,1,negative
neuroscience,1,positive
covenant,1,positive
bigger,1,positive
scottish,1,positive
stuff,1,positive
custody,1,negative
alimony,1,negative
flow,1,positive
rebound,1,positive
enrollment,1,positive
spell,1,negative
disaster,3,negative
hello,1,positive
intentionally,1,negative
surgeon,3,negative
passing,1,negative
bonus,1,positive
describing,1,negative
evil,1,negative
fraud,1,negative
upper,1,positive
tenure,3,positive
organic,1,positive
disability,1,negative
thankful,2,positive
endless,1,positive
unable,1,negative
warn,6,negative
recreating,6,negative
staple,1,negative
crusade,1,negative
varied,2,negative
devote,2,positive
household,2,positive
evolve,1,positive
jury,1,positive
sustainability,1,positive
applaud,1,positive
revisit,1,positive
supermarket,1,positive
rule,1,positive
opinion,3,positive
kid,2,positive
unicef,1,negative
sanitation,1,positive
expanded,5,negative
demonize,1,negative
deepen,1,negative
ecology,1,negative
cultural,1,negative
sharpie,1,positive
facility,1,positive
device,1,positive
establishment,1,positive
retrofitting,1,positive
beneficial,1,positive
globally,9,positive
competitive,8,positive
fuckin,1,negative
god,6,positive
goal,1,positive
installation,1,positive
hefty,1,positive
pricetag,1,positive
cover,1,positive
trauma,3,negative
mindset,2,positive
extreme,1,negative
condition,1,positive
prioritize,1,positive
focal,1,positive
changing,1,positive
lean,2,positive
chrome,1,positive
supply,2,positive
clothing,1,positive
adjunct,1,negative
limbo,1,positive
inference,1,negative
decrease,2,negative
cruel,1,negative
cooperate,1,positive
reasoning,1,positive
mix,1,positive
software,1,negative
unlikely,1,negative
famous,1,positive
strength,1,positive
center,5,positive
radically,5,positive
fill,1,positive
confuse,1,negative
tiny,1,negative
nine,1,negative
educationthe,1,positive
permit,3,positive
inmate,1,negative
heartbreaking,1,negative
letter,1,positive
diff,1,positive
version,1,positive
assistant,1,positive
steady,1,positive
dental,1,positive
coverage,1,negative
mindfulness,2,positive
wellness,2,positive
holistic,2,positive
consciousness,2,positive
aid,3,positive
narrow,1,negative
plant,1,negative
viable,1,positive
appreciate,1,positive
survive,1,positive
cancel,2,negative
solution,2,positive
patriotic,1,positive
hypocritical,27,negative
wave,1,positive
saving,1,positive
usb,1,positive
stick,1,positive
hiding,1,negative
overrated,1,negative
ninth,1,positive
trusting,1,negative
hardship,1,negative
contrast,1,negative
mimic,1,negative
predict,8,positive
economically,7,positive
transparent,7,positive
reputation,7,positive
nazism,1,negative
embarrassed,1,negative
disgrace,1,negative
silver,6,positive
lining,6,negative
abc,1,negative
blemish,1,negative
bullshit,1,negative
imprison,1,negative
sanctioned,1,positive
substance,1,positive
observation,1,positive
treaty,1,positive
incrementally,1,positive
forest,2,negative
identity,1,positive
inspired,1,positive
discovery,1,positive
liked,1,positive
fox,5,negative
compass,5,positive
drinking,1,positive
reality,1,negative
unhappy,1,negative
promotional,1,positive
privacy,1,positive
meaningful,1,positive
prime,1,positive
genocide,5,negative
condemnation,5,negative
prevention,5,negative
attain,2,positive
optimal,2,positive
tire,2,negative
unfortunately,1,negative
suggestion,1,positive
urgent,1,positive
puzzling,1,negative
substantial,1,positive
cofounder,10,positive
ludicrous,1,negative
remarkable,2,positive
club,2,positive
rip,2,negative
festival,1,positive
stun,1,negative
thug,1,negative
base,1,positive
valid,2,positive
bedroom,1,positive
forever,1,positive
divinely,2,positive
admit,2,positive
destruction,2,negative
bloody,2,negative
semester,1,negative
arrive,1,positive
reputable,1,positive
catch,1,positive
stability,1,negative
wonderfully,1,positive
nomadic,1,positive
lodging,1,negative
aye,2,positive
registrant,2,positive
range,2,positive
plus,2,positive
organization,2,positive
freaking,1,negative
thesis,1,negative
computer,1,positive
apostrophe,1,negative
closing,1,positive
parenthesis,1,negative
managerial,1,positive
restore,1,positive
regulation,1,positive
provision,1,positive
copy,1,positive
aggressive,1,negative
conviction,1,positive
residence,1,positive
unbiased,1,positive
bias,1,negative
communist,1,negative
camp,1,positive
leaning,1,positive
christ,1,positive
violent,1,negative
agenda,3,positive
pet,1,negative
misguided,1,negative
alternative,1,positive
bold,2,positive
flyer,2,positive
distribution,2,positive
solar,1,positive
reversal,1,negative
stream,1,positive
gorgeous,1,positive
drunk,1,negative
daunting,1,negative
radio,1,positive
profitable,1,positive
factory,1,positive
decline,2,negative
imperial,1,positive
pinnacle,1,positive
fucked,1,positive
gold,1,positive
wheat,1,positive
possibly,1,positive
addition,1,positive
discrimination,2,negative
basis,2,positive
achieve,1,positive
puzzle,2,negative
breakdown,1,negative
assault,1,negative
rough,1,negative
karma,1,positive
